-- phpMyAdmin SQL Dump
-- version 5.2.1
-- https://www.phpmyadmin.net/
--
-- Anamakine: 127.0.0.1:3306
-- Üretim Zamanı: 01 Haz 2025, 12:04:51
-- Sunucu sürümü: 9.1.0
-- PHP Sürümü: 8.3.14

SET SQL_MODE = "NO_AUTO_VALUE_ON_ZERO";
START TRANSACTION;
SET time_zone = "+00:00";


/*!40101 SET @OLD_CHARACTER_SET_CLIENT=@@CHARACTER_SET_CLIENT */;
/*!40101 SET @OLD_CHARACTER_SET_RESULTS=@@CHARACTER_SET_RESULTS */;
/*!40101 SET @OLD_COLLATION_CONNECTION=@@COLLATION_CONNECTION */;
/*!40101 SET NAMES utf8mb4 */;

--
-- Veritabanı: `file_management_db`
--

-- --------------------------------------------------------

--
-- Tablo için tablo yapısı `files`
--

DROP TABLE IF EXISTS `files`;
CREATE TABLE IF NOT EXISTS `files` (
  `id` int NOT NULL AUTO_INCREMENT,
  `file_name` varchar(255) COLLATE utf8mb4_turkish_ci NOT NULL,
  `file_path` varchar(255) COLLATE utf8mb4_turkish_ci NOT NULL,
  `file_type` varchar(100) COLLATE utf8mb4_turkish_ci NOT NULL,
  `isShow` tinyint(1) NOT NULL,
  `file_size` int NOT NULL,
  `upload_date` datetime DEFAULT CURRENT_TIMESTAMP,
  PRIMARY KEY (`id`)
) ENGINE=MyISAM AUTO_INCREMENT=98 DEFAULT CHARSET=utf8mb4 COLLATE=utf8mb4_turkish_ci;

--
-- Tablo döküm verisi `files`
--

INSERT INTO `files` (`id`, `file_name`, `file_path`, `file_type`, `isShow`, `file_size`, `upload_date`) VALUES
(66, 'images.jfif', 'uploads/baf53227-fc89-42bd-8f6b-595cab1b4741.jfif', 'image/jpeg', 1, 8648, '2025-05-23 21:06:31'),
(68, 'test.txt', 'uploads/118dec2c-0c79-421a-bfc6-7d0b888fd2a8.txt', 'text/plain', 0, 1, '2025-05-23 21:08:29'),
(67, '360_F_564330523_ptIW4LwoZqrlGTIZHs1ZKwkaTJLPL7tK.jpg', 'uploads/c87c1327-a795-4616-82d8-52964fb1d74e.jpg', 'image/jpeg', 1, 95056, '2025-05-23 21:08:10');

-- --------------------------------------------------------

--
-- Tablo için tablo yapısı `routes`
--

DROP TABLE IF EXISTS `routes`;
CREATE TABLE IF NOT EXISTS `routes` (
  `id` int NOT NULL AUTO_INCREMENT,
  `routeName` varchar(250) COLLATE utf8mb4_turkish_ci NOT NULL,
  `routeFilePath` varchar(250) COLLATE utf8mb4_turkish_ci NOT NULL,
  `createdAt` datetime NOT NULL DEFAULT CURRENT_TIMESTAMP,
  `updatedAt` datetime NOT NULL DEFAULT CURRENT_TIMESTAMP ON UPDATE CURRENT_TIMESTAMP,
  PRIMARY KEY (`id`)
) ENGINE=MyISAM AUTO_INCREMENT=5 DEFAULT CHARSET=utf8mb4 COLLATE=utf8mb4_turkish_ci;

--
-- Tablo döküm verisi `routes`
--

INSERT INTO `routes` (`id`, `routeName`, `routeFilePath`, `createdAt`, `updatedAt`) VALUES
(1, 'profile', './pages/profile.php', '2025-05-21 21:06:55', '2025-06-01 10:42:57'),
(2, '', './pages/homepage.php', '2025-05-21 21:14:55', '2025-05-21 21:14:55'),
(3, 'home', './pages/datas.php', '2025-05-22 10:43:22', '2025-06-01 14:06:28');

-- --------------------------------------------------------

--
-- Tablo için tablo yapısı `tokens`
--

DROP TABLE IF EXISTS `tokens`;
CREATE TABLE IF NOT EXISTS `tokens` (
  `id` int NOT NULL AUTO_INCREMENT,
  `user_id` int NOT NULL,
  `token` varchar(500) COLLATE utf8mb4_turkish_ci NOT NULL,
  `created_at` datetime DEFAULT CURRENT_TIMESTAMP,
  `expires_at` datetime NOT NULL,
  `is_valid` tinyint(1) DEFAULT '1',
  PRIMARY KEY (`id`),
  KEY `user_id` (`user_id`)
) ENGINE=MyISAM AUTO_INCREMENT=36 DEFAULT CHARSET=utf8mb4 COLLATE=utf8mb4_turkish_ci;

--
-- Tablo döküm verisi `tokens`
--

INSERT INTO `tokens` (`id`, `user_id`, `token`, `created_at`, `expires_at`, `is_valid`) VALUES
(1, 1, 'eyJhbGciOiJIUzI1NiIsInR5cCI6IkpXVCJ9.eyJpc3MiOiJodHRwOlwvXC9sb2NhbGhvc3RcL2ZpbGUtbWFuYWdlbWVudCIsImF1ZCI6Imh0dHA6XC9cL2xvY2FsaG9zdFwvZmlsZS1tYW5hZ2VtZW50IiwiaWF0IjoxNzQ4MTMxNzY4LCJleHAiOjE3NDgxMzUzNjgsInVzZXJfaWQiOjEsImVtYWlsIjoidGVzdEBlbWlyaGFuZG9ncnUuY29tLnRyIiwidXNlcm5hbWUiOiJFbWlyaGFuIERvXHUwMTFmcnUifQ.bcoYpsQ40JnxJLw2py8Swvd2bvI2vLPV1sUHJ2vs3-c', '2025-05-25 03:09:28', '2025-05-25 05:09:28', 0),
(8, 1, 'eyJhbGciOiJIUzI1NiIsInR5cCI6IkpXVCJ9.eyJpc3MiOiJodHRwOlwvXC9sb2NhbGhvc3RcL2ZpbGUtbWFuYWdlbWVudCIsImF1ZCI6Imh0dHA6XC9cL2xvY2FsaG9zdFwvZmlsZS1tYW5hZ2VtZW50IiwiaWF0IjoxNzQ4MTYyNTMwLCJleHAiOjE3NDgxNjYxMzAsInVzZXJfaWQiOjEsImVtYWlsIjoidGVzdEBlbWlyaGFuZG9ncnUuY29tLnRyIiwidXNlcm5hbWUiOiJFbWlyaGFuIERvXHUwMTFmcnUiLCJqdGkiOiJlMzg4YTNiZC0zN2U4LTQzNjItYTA5ZS1kYjY3ZDdhOGJmZjUifQ.fXKJ0wO0icvTpMoE3_aEj_RVANlMkM3nOsx2vh1hzwU', '2025-05-25 11:42:10', '2025-05-25 11:42:10', 0),
(9, 1, 'eyJhbGciOiJIUzI1NiIsInR5cCI6IkpXVCJ9.eyJpc3MiOiJodHRwOlwvXC9sb2NhbGhvc3RcL2ZpbGUtbWFuYWdlbWVudCIsImF1ZCI6Imh0dHA6XC9cL2xvY2FsaG9zdFwvZmlsZS1tYW5hZ2VtZW50IiwiaWF0IjoxNzQ4MTYzMzQwLCJleHAiOjE3NDgxNjY5NDAsInVzZXJfaWQiOjEsImVtYWlsIjoidGVzdEBlbWlyaGFuZG9ncnUuY29tLnRyIiwidXNlcm5hbWUiOiJFbWlyaGFuIERvXHUwMTFmcnUiLCJqdGkiOiJmMDZhOGM2Yy00MjQ0LTQ2ZWEtYjI1NS1kMDNkNjI2ZjFlZDIifQ.VzqmARwFtf4O7uxU_0xOhXqgza0-xhd9hHSQWV-no8o', '2025-05-25 11:55:40', '2025-05-25 11:55:40', 0),
(29, 1, 'eyJhbGciOiJIUzI1NiIsInR5cCI6IkpXVCJ9.eyJpc3MiOiJodHRwOlwvXC9sb2NhbGhvc3RcL2ZpbGUtbWFuYWdlbWVudCIsImF1ZCI6Imh0dHA6XC9cL2xvY2FsaG9zdFwvZmlsZS1tYW5hZ2VtZW50IiwiaWF0IjoxNzQ4NzcxMTQ4LCJleHAiOjE3NDg3NzQ3NDgsInVzZXJfaWQiOjEsImVtYWlsIjoidGVzdEBlbWlyaGFuZG9ncnUuY29tLnRyIiwidXNlcm5hbWUiOiJFbWlyaGFuIERvXHUwMTFmcnUiLCJqdGkiOiI4MDg5ZjU5NS1mZDI0LTRjNDgtYTM1MS1kOGFjNWE2YWFmODcifQ.AatAVZg5zlDsuJUqvbQ-Dg7hnObrSW-X92Bz3yy5fdU', '2025-06-01 12:45:48', '2025-06-01 13:45:48', 0),
(28, 1, 'eyJhbGciOiJIUzI1NiIsInR5cCI6IkpXVCJ9.eyJpc3MiOiJodHRwOlwvXC9sb2NhbGhvc3RcL2ZpbGUtbWFuYWdlbWVudCIsImF1ZCI6Imh0dHA6XC9cL2xvY2FsaG9zdFwvZmlsZS1tYW5hZ2VtZW50IiwiaWF0IjoxNzQ4NzY3MzgxLCJleHAiOjE3NDg3NzA5ODEsInVzZXJfaWQiOjEsImVtYWlsIjoidGVzdEBlbWlyaGFuZG9ncnUuY29tLnRyIiwidXNlcm5hbWUiOiJFbWlyaGFuIERvXHUwMTFmcnUiLCJqdGkiOiI4NDVmNmNmZC04ZDJhLTQ1MTQtYjVjNC04N2Q2YmMwMWIzNWYifQ.nYgRUPIebdxGrtcHr7b7V6lazTYxL8aFvIIMRl4esR4', '2025-06-01 11:43:01', '2025-06-01 12:43:01', 0),
(27, 12, 'eyJhbGciOiJIUzI1NiIsInR5cCI6IkpXVCJ9.eyJpc3MiOiJodHRwOlwvXC9sb2NhbGhvc3RcL2ZpbGUtbWFuYWdlbWVudCIsImF1ZCI6Imh0dHA6XC9cL2xvY2FsaG9zdFwvZmlsZS1tYW5hZ2VtZW50IiwiaWF0IjoxNzQ4NzY3Mjg1LCJleHAiOjE3NDg3NzA4ODUsInVzZXJfaWQiOjEyLCJlbWFpbCI6ImVkQGVtaXJoYW5kb2dydS5jb20udHIiLCJ1c2VybmFtZSI6InRlc3QgRG9cdTAxMWZydSIsImp0aSI6Ijg3NWYxNzE1LTg1OGUtNGY3Yi1iNThjLTU4ODUxYmUyYzlkZCJ9.oYaxHl2MApxxRxi6-SJ7fXBy5LzizOz2jFJ6gs49Qkk', '2025-06-01 11:41:25', '2025-06-01 12:41:25', 0),
(26, 1, 'eyJhbGciOiJIUzI1NiIsInR5cCI6IkpXVCJ9.eyJpc3MiOiJodHRwOlwvXC9sb2NhbGhvc3RcL2ZpbGUtbWFuYWdlbWVudCIsImF1ZCI6Imh0dHA6XC9cL2xvY2FsaG9zdFwvZmlsZS1tYW5hZ2VtZW50IiwiaWF0IjoxNzQ4NzY3MjA2LCJleHAiOjE3NDg3NzA4MDYsInVzZXJfaWQiOjEsImVtYWlsIjoidGVzdEBlbWlyaGFuZG9ncnUuY29tLnRyIiwidXNlcm5hbWUiOiJFbWlyaGFuIERvXHUwMTFmcnUiLCJqdGkiOiJlNzM1YjNiOC03MjJhLTRiMjYtYThiMy02NmVhZDY0NmRiNTMifQ.u9lFUGkVL83jRIIAtZNlQDugruiVHDDSOmVAzl0G8XM', '2025-06-01 11:40:06', '2025-06-01 12:40:06', 0),
(25, 1, 'eyJhbGciOiJIUzI1NiIsInR5cCI6IkpXVCJ9.eyJpc3MiOiJodHRwOlwvXC9sb2NhbGhvc3RcL2ZpbGUtbWFuYWdlbWVudCIsImF1ZCI6Imh0dHA6XC9cL2xvY2FsaG9zdFwvZmlsZS1tYW5hZ2VtZW50IiwiaWF0IjoxNzQ4NzYzMzUxLCJleHAiOjE3NDg3NjY5NTEsInVzZXJfaWQiOjEsImVtYWlsIjoidGVzdEBlbWlyaGFuZG9ncnUuY29tLnRyIiwidXNlcm5hbWUiOiJFbWlyaGFuIERvXHUwMTFmcnUiLCJqdGkiOiI2NDU3ZDUwMi1mM2U5LTRkMWUtOGVkMS0wYTUzOTkyMDZkODUifQ.TKTS06bnn24fyEQbT_ADM7IDqr-G4iq7ogDWyh2TaSc', '2025-06-01 10:35:51', '2025-06-01 11:35:51', 0),
(24, 1, 'eyJhbGciOiJIUzI1NiIsInR5cCI6IkpXVCJ9.eyJpc3MiOiJodHRwOlwvXC9sb2NhbGhvc3RcL2ZpbGUtbWFuYWdlbWVudCIsImF1ZCI6Imh0dHA6XC9cL2xvY2FsaG9zdFwvZmlsZS1tYW5hZ2VtZW50IiwiaWF0IjoxNzQ4NjI0MTMwLCJleHAiOjE3NDg2Mjc3MzAsInVzZXJfaWQiOjEsImVtYWlsIjoidGVzdEBlbWlyaGFuZG9ncnUuY29tLnRyIiwidXNlcm5hbWUiOiJFbWlyaGFuIERvXHUwMTFmcnUiLCJqdGkiOiJkNmNiOGY0OC05MGUyLTQxZDQtOGJjYS1iN2E1YjgwYzkyMTIifQ.acAS962DlGf5UjOBDXY4mIvAaovfw_DNQgpCIsMKGNQ', '2025-05-30 19:55:30', '2025-05-30 20:55:30', 0),
(23, 1, 'eyJhbGciOiJIUzI1NiIsInR5cCI6IkpXVCJ9.eyJpc3MiOiJodHRwOlwvXC9sb2NhbGhvc3RcL2ZpbGUtbWFuYWdlbWVudCIsImF1ZCI6Imh0dHA6XC9cL2xvY2FsaG9zdFwvZmlsZS1tYW5hZ2VtZW50IiwiaWF0IjoxNzQ4NjIwNTkxLCJleHAiOjE3NDg2MjQxOTEsInVzZXJfaWQiOjEsImVtYWlsIjoidGVzdEBlbWlyaGFuZG9ncnUuY29tLnRyIiwidXNlcm5hbWUiOiJFbWlyaGFuIERvXHUwMTFmcnUiLCJqdGkiOiJhMGRmYzI1Mi1kZjAzLTQ2OTMtYTQ4MS04MTc4Zjk4OGIxYmIifQ.3_LE-vQrWWxq3C5CZjPsma1gSaZcBCTGUut1wRnUqhI', '2025-05-30 18:56:31', '2025-05-30 19:56:31', 0),
(22, 12, 'eyJhbGciOiJIUzI1NiIsInR5cCI6IkpXVCJ9.eyJpc3MiOiJodHRwOlwvXC9sb2NhbGhvc3RcL2ZpbGUtbWFuYWdlbWVudCIsImF1ZCI6Imh0dHA6XC9cL2xvY2FsaG9zdFwvZmlsZS1tYW5hZ2VtZW50IiwiaWF0IjoxNzQ4NDY2MDIxLCJleHAiOjE3NDg0Njk2MjEsInVzZXJfaWQiOjEyLCJlbWFpbCI6ImVkQGVtaXJoYW5kb2dydS5jb20udHIiLCJ1c2VybmFtZSI6InRlc3QgRG9cdTAxMWZydSIsImp0aSI6ImFiMzgyYWQwLTBhZjAtNDA2YS04MGVmLTBiNTc1OWZhMjhlZiJ9.0JfOgTAlcZCAmRubGbaNK-ClLtmGxw0umt5iT71f1Pk', '2025-05-29 00:00:21', '2025-05-29 01:00:21', 0),
(21, 1, 'eyJhbGciOiJIUzI1NiIsInR5cCI6IkpXVCJ9.eyJpc3MiOiJodHRwOlwvXC9sb2NhbGhvc3RcL2ZpbGUtbWFuYWdlbWVudCIsImF1ZCI6Imh0dHA6XC9cL2xvY2FsaG9zdFwvZmlsZS1tYW5hZ2VtZW50IiwiaWF0IjoxNzQ4NDI3OTI1LCJleHAiOjE3NDg0MzE1MjUsInVzZXJfaWQiOjEsImVtYWlsIjoidGVzdEBlbWlyaGFuZG9ncnUuY29tLnRyIiwidXNlcm5hbWUiOiJFbWlyaGFuIERvXHUwMTFmcnUiLCJqdGkiOiI1MTM2N2I2ZS1mMmJiLTQ4M2EtOTZlZC1hNzU5ZDA3YzY5NjUifQ.f--Jcwu-yxPARXjGtuXhA0ZoQM8gB4FsY1gbvy_zAMY', '2025-05-28 13:25:25', '2025-05-28 14:25:25', 0),
(20, 1, 'eyJhbGciOiJIUzI1NiIsInR5cCI6IkpXVCJ9.eyJpc3MiOiJodHRwOlwvXC9sb2NhbGhvc3RcL2ZpbGUtbWFuYWdlbWVudCIsImF1ZCI6Imh0dHA6XC9cL2xvY2FsaG9zdFwvZmlsZS1tYW5hZ2VtZW50IiwiaWF0IjoxNzQ4MzQ4ODE4LCJleHAiOjE3NDgzNTI0MTgsInVzZXJfaWQiOjEsImVtYWlsIjoidGVzdEBlbWlyaGFuZG9ncnUuY29tLnRyIiwidXNlcm5hbWUiOiJFbWlyaGFuIERvXHUwMTFmcnUiLCJqdGkiOiI3YTE0NDIwMi1jMmNmLTRmOGItOWNjMS0xNjczNzNmZGZiNjcifQ.Z-Cs28tikUvW9GwekuNZRZFrGtFdfJN3WTkWSSsK4eQ', '2025-05-27 15:26:58', '2025-05-27 16:26:58', 0),
(30, 1, 'eyJhbGciOiJIUzI1NiIsInR5cCI6IkpXVCJ9.eyJpc3MiOiJodHRwOlwvXC9sb2NhbGhvc3RcL2ZpbGUtbWFuYWdlbWVudCIsImF1ZCI6Imh0dHA6XC9cL2xvY2FsaG9zdFwvZmlsZS1tYW5hZ2VtZW50IiwiaWF0IjoxNzQ4Nzc0ODc4LCJleHAiOjE3NDg3Nzg0NzgsInVzZXJfaWQiOjEsImVtYWlsIjoidGVzdEBlbWlyaGFuZG9ncnUuY29tLnRyIiwidXNlcm5hbWUiOiJFbWlyaGFuIERvXHUwMTFmcnUiLCJqdGkiOiI2MmM4YWVlZi0wOTE0LTQyM2MtYmFhMi1mZDlmNGQ5Njk5YTgifQ.amK8_wmmeauYDlc4JJjPO81UNac_3mGMbPPugtSWWwE', '2025-06-01 13:47:58', '2025-06-01 14:47:58', 0),
(31, 12, 'eyJhbGciOiJIUzI1NiIsInR5cCI6IkpXVCJ9.eyJpc3MiOiJodHRwOlwvXC9sb2NhbGhvc3RcL2ZpbGUtbWFuYWdlbWVudCIsImF1ZCI6Imh0dHA6XC9cL2xvY2FsaG9zdFwvZmlsZS1tYW5hZ2VtZW50IiwiaWF0IjoxNzQ4Nzc0OTQ0LCJleHAiOjE3NDg3Nzg1NDQsInVzZXJfaWQiOjEyLCJlbWFpbCI6ImVkQGVtaXJoYW5kb2dydS5jb20udHIiLCJ1c2VybmFtZSI6InRlc3QgRG9cdTAxMWZydSIsImp0aSI6ImI0ZWUwZTUyLTQ3ZDEtNDY5MC04NTM2LWJiZjg4YjJkNjVjNCJ9.2WgIFGXKAMcroDE6XQImFW2OYbDc82U7D6qxG0vN-fw', '2025-06-01 13:49:04', '2025-06-01 14:49:04', 0),
(32, 12, 'eyJhbGciOiJIUzI1NiIsInR5cCI6IkpXVCJ9.eyJpc3MiOiJodHRwOlwvXC9sb2NhbGhvc3RcL2ZpbGUtbWFuYWdlbWVudCIsImF1ZCI6Imh0dHA6XC9cL2xvY2FsaG9zdFwvZmlsZS1tYW5hZ2VtZW50IiwiaWF0IjoxNzQ4Nzc0OTY1LCJleHAiOjE3NDg3Nzg1NjUsInVzZXJfaWQiOjEyLCJlbWFpbCI6ImVkQGVtaXJoYW5kb2dydS5jb20udHIiLCJ1c2VybmFtZSI6InRlc3QgRG9cdTAxMWZydSIsImp0aSI6IjU4YTJiN2NhLTM4ZjEtNDU0OC04YmFmLTgwZjdiZTUxMGQ1ZCJ9.F8waofuDrOSJLn1O7B8OWE8pu1YMBIQ6nVBQwZGSzNc', '2025-06-01 13:49:25', '2025-06-01 14:49:25', 0),
(33, 12, 'eyJhbGciOiJIUzI1NiIsInR5cCI6IkpXVCJ9.eyJpc3MiOiJodHRwOlwvXC9sb2NhbGhvc3RcL2ZpbGUtbWFuYWdlbWVudCIsImF1ZCI6Imh0dHA6XC9cL2xvY2FsaG9zdFwvZmlsZS1tYW5hZ2VtZW50IiwiaWF0IjoxNzQ4Nzc1MDk1LCJleHAiOjE3NDg3Nzg2OTUsInVzZXJfaWQiOjEyLCJlbWFpbCI6ImVkQGVtaXJoYW5kb2dydS5jb20udHIiLCJ1c2VybmFtZSI6InRlc3QgRG9cdTAxMWZydSIsImp0aSI6IjlmZGUwZDZmLTY5NjktNDRhNC04Njk4LTRlZTVlOThkYTBlOCJ9.7SYg1_s_JHuzqZvRKC3GBaER5NipBfR8ldMBxv14vzg', '2025-06-01 13:51:35', '2025-06-01 14:51:35', 0),
(34, 1, 'eyJhbGciOiJIUzI1NiIsInR5cCI6IkpXVCJ9.eyJpc3MiOiJodHRwOlwvXC9sb2NhbGhvc3RcL2ZpbGUtbWFuYWdlbWVudCIsImF1ZCI6Imh0dHA6XC9cL2xvY2FsaG9zdFwvZmlsZS1tYW5hZ2VtZW50IiwiaWF0IjoxNzQ4Nzc3MDE5LCJleHAiOjE3NDg3ODA2MTksInVzZXJfaWQiOjEsImVtYWlsIjoidGVzdEBlbWlyaGFuZG9ncnUuY29tLnRyIiwidXNlcm5hbWUiOiJFbWlyaGFuIERvXHUwMTFmcnUiLCJqdGkiOiJlNDE2Y2FmMS0xOTM3LTQ3MTctYjEwZi1iNTlmMDhmM2Q4YjcifQ.p-IRoK0LrMcPLLaPiKEFiQqMp9mUl8nMhX_j6r6Qi7k', '2025-06-01 14:23:39', '2025-06-01 15:23:39', 0),
(35, 1, 'eyJhbGciOiJIUzI1NiIsInR5cCI6IkpXVCJ9.eyJpc3MiOiJodHRwOlwvXC9sb2NhbGhvc3RcL2ZpbGUtbWFuYWdlbWVudCIsImF1ZCI6Imh0dHA6XC9cL2xvY2FsaG9zdFwvZmlsZS1tYW5hZ2VtZW50IiwiaWF0IjoxNzQ4Nzc4MTEzLCJleHAiOjE3NDg3ODE3MTMsInVzZXJfaWQiOjEsImVtYWlsIjoidGVzdEBlbWlyaGFuZG9ncnUuY29tLnRyIiwidXNlcm5hbWUiOiJFbWlyaGFuIERvXHUwMTFmcnUiLCJqdGkiOiI0YzNkOTM1Zi1hZTAzLTRlODQtYTJmNC04ZjY3OGQ2YjkwNjgifQ.rtrEU91ZqJOTsRSxqOx7hddtaZbS7HyIxcBT_4I6nNI', '2025-06-01 14:41:53', '2025-06-01 15:41:53', 1);

-- --------------------------------------------------------

--
-- Tablo için tablo yapısı `users`
--

DROP TABLE IF EXISTS `users`;
CREATE TABLE IF NOT EXISTS `users` (
  `id` int NOT NULL AUTO_INCREMENT,
  `email` varchar(191) COLLATE utf8mb4_turkish_ci NOT NULL,
  `password` varchar(255) COLLATE utf8mb4_turkish_ci NOT NULL,
  `username` varchar(100) COLLATE utf8mb4_turkish_ci NOT NULL,
  `created_at` datetime DEFAULT CURRENT_TIMESTAMP,
  PRIMARY KEY (`id`),
  UNIQUE KEY `email` (`email`)
) ENGINE=MyISAM AUTO_INCREMENT=13 DEFAULT CHARSET=utf8mb4 COLLATE=utf8mb4_turkish_ci;

--
-- Tablo döküm verisi `users`
--

INSERT INTO `users` (`id`, `email`, `password`, `username`, `created_at`) VALUES
(1, 'test@emirhandogru.com.tr', '$2y$10$lU3iV1yAo.4bi0CiIMSQP.vO9o58YAE4QxhRhprr3ke4xr2k86UNC', 'Emirhan Doğru', '2025-05-25 02:55:46'),
(12, 'ed@emirhandogru.com.tr', '$2y$10$4FzwyLhIVJkgIzLc61gyGe1iPEOdtJObHgKr1VTnQs3lRi/ScGqSa', 'test Doğru', '2025-05-29 00:00:13');
COMMIT;

/*!40101 SET CHARACTER_SET_CLIENT=@OLD_CHARACTER_SET_CLIENT */;
/*!40101 SET CHARACTER_SET_RESULTS=@OLD_CHARACTER_SET_RESULTS */;
/*!40101 SET COLLATION_CONNECTION=@OLD_COLLATION_CONNECTION */;
